code,term
1914891000000100,Diagnostic assessment for attention deficit hyperactivity disorder
2427101000000103,Signposting to attention deficit hyperactivity disorder resource
2437121000000109,Referral for diagnostic assessment for attention deficit hyperactivity disorder
516401000000106,Attention deficit hyperactivity disorder monitoring invitation first letter
516891000000101,Attention deficit hyperactivity disorder monitoring invitation second letter
516911000000103,Attention deficit hyperactivity disorder monitoring invitation third letter
709864005,Assessment using Vanderbilt Assessment Scale
710071000000106,Attention deficit hyperactivity disorder annual review
712724008,Vanderbilt Assessment Scale
769390009,World Health Organization Adult Attention-Deficit Hyperactivity Disorder Self-Report Scale
92841000087107,Attention deficit hyperactivity disorder suspected
